Customer Name,Email,Phone,City,Region
Carissa,Nunc.laoreet.lectus@faucibus.ca,1-763-372-5203,Meridian,Idaho
Sandra,netus.et.malesuada@pharetraNam.org,1-415-570-5218,Dover,Delaware
Cora,congue.elit@nonsollicitudin.edu,1-475-451-1207,Owensboro,Kentucky
Rogan,cursus.Integer.mollis@Donec.edu,1-188-361-1156,Athens,Georgia
Candace,convallis.in.cursus@porttitorerosnec.org,1-597-313-3760,Iowa City,Iowa
Lucius,Quisque.imperdiet.erat@euismodetcommodo.edu,1-320-308-3820,Omaha,Nebraska
Maryam,ligula.eu.enim@volutpatNulla.edu,1-168-108-8953,Portland,Oregon
Savannah,nec.ante.blandit@tellusSuspendissesed.co.uk,1-403-738-5166,Oklahoma City,Oklahoma
Kimberly,elementum.purus@anteNuncmauris.net,1-291-448-8900,Paradise,Nevada
Nell,iaculis@auctorodio.com,1-105-604-4339,Olympia,Washington
Miranda,Donec.at@Donec.com,1-980-882-4313,Joliet,Illinois
Rama,non.arcu@adipiscingelit.ca,1-285-298-1728,Spokane,Washington
Dorian,Fusce@Sedmalesuada.ca,1-597-838-6975,Little Rock,Arkansas
Casey,adipiscing.non.luctus@quisdiamPellentesque.com,1-288-618-2369,Jackson,Mississippi
Nathan,lorem@magnaPraesent.net,1-953-155-6783,Little Rock,Arkansas
Neville,ipsum.Donec@hendreritidante.com,1-931-932-4627,Tampa,Florida
Jayme,sociosqu.ad@QuisquevariusNam.org,1-336-341-1883,Henderson,Nevada
Randall,Lorem@Nullatincidunt.co.uk,1-292-246-0168,Bloomington,Minnesota
Ila,congue.turpis@nostraperinceptos.ca,1-100-682-5379,Reading,Pennsylvania
Barry,convallis@hendreritneque.org,1-739-739-4078,Augusta,Georgia
Sylvia,adipiscing@tempordiam.com,1-105-240-3598,San Jose,California
Imelda,vitae.aliquam@ipsumCurabitur.edu,1-812-829-8239,Flint,Michigan
Teegan,orci.Donec.nibh@mattissemper.com,1-564-123-1465,Knoxville,Tennessee
Yolanda,eu.arcu.Morbi@ut.ca,1-209-961-1655,Boston,Massachusetts
Elvis,risus.a@malesuada.com,1-808-350-1744,Bangor,Maine
Janna,mi@vulputate.org,1-795-950-5532,Saint Paul,Minnesota
Fritz,quis@augueut.co.uk,1-889-586-3202,Davenport,Iowa
Charde,eu.arcu@maurisipsumporta.ca,1-234-687-2114,Rockford,Illinois
Guinevere,dictum.eleifend.nunc@idblandit.net,1-548-397-5322,Davenport,Iowa
Xandra,senectus.et.netus@Donec.net,1-895-215-0285,Flint,Michigan
Echo,dapibus.id@sodalesMauris.org,1-225-144-2014,Kailua,Hawaii
Phelan,Duis@Cumsociis.edu,1-251-901-1151,Miami,Florida
Mira,tristique.aliquet@vitaeodio.ca,1-583-811-5673,Meridian,Idaho
Wallace,semper.egestas.urna@Crasvulputatevelit.edu,1-233-502-2400,Kapolei,Hawaii
Steel,ipsum@eget.ca,1-830-245-1289,Bangor,Maine
Josephine,sed.leo.Cras@enimgravidasit.com,1-376-519-1924,Kaneohe,Hawaii
Minerva,libero.est.congue@quam.co.uk,1-649-258-9283,Glendale,Arizona
Alan,vel@maurissagittisplacerat.ca,1-396-304-3356,Aurora,Illinois
Shad,at.pretium.aliquet@consequatpurusMaecenas.edu,1-246-138-6216,Salt Lake City,Utah
Tad,Quisque@euduiCum.org,1-412-883-5900,Hartford,Connecticut
Cameron,vel.est@Namac.net,1-120-274-6746,Seattle,Washington
Armand,arcu.Morbi.sit@enimmitempor.org,1-474-922-6373,Birmingham,Alabama
Emma,Donec@Proin.edu,1-991-234-5387,Jefferson City,Missouri
Brooke,est.ac@eleifendegestas.com,1-648-332-8039,Essex,Vermont
Basil,a.mi@Nullaegetmetus.co.uk,1-680-508-2331,Kansas City,Missouri
Lacey,quis.turpis.vitae@MaurisnullaInteger.ca,1-989-154-2910,Portland,Oregon
Vernon,nisi@idnuncinterdum.org,1-165-882-6358,Broken Arrow,Oklahoma
Cameron,felis@dignissim.com,1-695-554-5053,Evansville,Indiana
Chaim,Suspendisse.commodo.tincidunt@gravidanuncsed.co.uk,1-980-629-8427,Flint,Michigan
Yen,ac@inconsequatenim.ca,1-732-271-9989,Bowling Green,Kentucky
Dexter,sit.amet.faucibus@uteros.edu,1-207-940-6609,Owensboro,Kentucky
Mari,egestas@eratVivamus.org,1-468-686-0232,Fresno,California
Martin,sed.tortor.Integer@dolorQuisque.com,1-428-661-5125,Nashville,Tennessee
Hoyt,quis.pede@nequeetnunc.org,1-462-853-1332,Lawton,Oklahoma
Fletcher,mauris.sagittis@nec.org,1-753-224-4562,Auburn,Maine
Lacy,bibendum@vitaesodales.ca,1-757-151-6062,Indianapolis,Indiana
Noelle,Aliquam@Suspendissesed.org,1-224-917-6867,Gary,Indiana
Magee,Aliquam.adipiscing@nec.net,1-575-632-4756,Annapolis,Maryland
Ryder,Pellentesque.habitant.morbi@nonleoVivamus.org,1-497-572-9797,Chicago,Illinois
Hedwig,netus.et.malesuada@atarcu.net,1-846-262-7583,Green Bay,Wisconsin
Carolyn,tristique.ac@tempuseuligula.co.uk,1-390-647-8859,Sioux City,Iowa
Lisandra,pellentesque.massa.lobortis@tinciduntnequevitae.co.uk,1-686-247-6174,Mesa,Arizona
Theodore,ante.ipsum.primis@Namtempordiam.org,1-891-392-1504,Sterling Heights,Michigan
Quentin,porttitor@elitCurabitursed.co.uk,1-197-143-2853,New Haven,Connecticut
Nevada,adipiscing.lacus@quamafelis.ca,1-696-444-9650,Clarksville,Tennessee
Elvis,ligula@amet.ca,1-916-917-4636,Las Vegas,Nevada
Jaime,Curae.Donec.tincidunt@nislarcu.net,1-644-493-5960,Fort Collins,Colorado
Nelle,dis.parturient@orciadipiscing.org,1-860-903-7347,St. Petersburg,Florida
Fuller,elit.pretium.et@ligulaNullamenim.edu,1-908-601-3368,Lansing,Michigan
Amaya,elit@diamnuncullamcorper.ca,1-385-122-6537,Nampa,Idaho
Taylor,rhoncus.Nullam.velit@lobortisaugue.org,1-725-115-8000,Stamford,Connecticut
Nero,nulla.ante.iaculis@sem.net,1-556-544-0795,Omaha,Nebraska
Callie,luctus@Aliquamfringilla.com,1-598-494-9999,Fort Collins,Colorado
Stacy,et.rutrum@elitNullafacilisi.com,1-644-717-0989,Des Moines,Iowa
Dana,non.lobortis.quis@ullamcorper.ca,1-261-151-8771,Bear,Delaware
Beau,sociis.natoque@metusIn.com,1-895-578-9943,Miami,Florida
Jacqueline,nisl.sem.consequat@nonlobortisquis.org,1-597-407-4993,Reno,Nevada
Meghan,Donec.egestas.Aliquam@liberoestcongue.ca,1-232-488-5123,Cincinnati,Ohio
Marah,ipsum.Curabitur@risusQuisque.org,1-651-119-9846,Sacramento,California
Scott,tortor.at.risus@aliquet.edu,1-874-672-8199,Fort Smith,Arkansas
Noble,turpis@eulacus.org,1-835-499-2669,Overland Park,Kansas
Wylie,neque@ipsumPhasellus.co.uk,1-806-934-3123,Houston,Texas
Patrick,et.euismod.et@lectusrutrum.org,1-955-819-4156,Laramie,Wyoming
Yolanda,ipsum.Curabitur@erosNam.ca,1-288-325-0320,Hilo,Hawaii
Odessa,arcu@nequeet.com,1-468-577-3056,Pittsburgh,Pennsylvania
Acton,Integer.eu@aliquetlobortisnisi.com,1-560-735-4663,Norfolk,Virginia
Nicholas,Pellentesque@risus.edu,1-763-237-1871,Sioux City,Iowa
Vernon,in@Proin.org,1-942-171-2597,Milwaukee,Wisconsin
Lisandra,sed.pede.nec@elitpede.ca,1-112-493-8917,Lansing,Michigan
Camilla,non.vestibulum@non.co.uk,1-498-191-4919,Idaho Falls,Idaho
Alyssa,Proin.mi.Aliquam@aliquamarcu.net,1-535-801-9832,Columbia,Maryland
Cynthia,nec.leo@velarcu.ca,1-673-771-3978,Fort Worth,Texas
Brynne,nibh@eunibhvulputate.net,1-229-665-3741,Kapolei,Hawaii
Germane,dolor.sit.amet@Morbiaccumsanlaoreet.com,1-440-762-9707,Annapolis,Maryland
Kameko,Duis.dignissim.tempor@velitjustonec.edu,1-482-788-4222,Denver,Colorado
Ruth,inceptos.hymenaeos.Mauris@enimNuncut.ca,1-396-248-9759,Fort Collins,Colorado
Ingrid,nec.euismod.in@amagna.com,1-297-797-6738,Davenport,Iowa
Sonya,massa.Suspendisse.eleifend@enim.com,1-842-327-9300,Des Moines,Iowa
Maris,Nunc.mauris@magnaSuspendisse.ca,1-383-680-4723,Chattanooga,Tennessee
Jada,elit.Etiam.laoreet@massaQuisqueporttitor.edu,1-853-290-5920,Cambridge,Massachusetts
Marah,ipsum.Curabitur@risusQuisque.org,1-651-119-9846,Sacramento,California
Scott,tortor.at.risus@aliquet.edu,1-874-672-8199,Fort Smith,Arkansas
Noble,turpis@eulacus.org,1-835-499-2669,Overland Park,Kansas
Wylie,neque@ipsumPhasellus.co.uk,1-806-934-3123,Houston,Texas
Patrick,et.euismod.et@lectusrutrum.org,1-955-819-4156,Laramie,Wyoming
Yolanda,ipsum.Curabitur@erosNam.ca,1-288-325-0320,Hilo,Hawaii
Odessa,arcu@nequeet.com,1-468-577-3056,Pittsburgh,Pennsylvania
Acton,Integer.eu@aliquetlobortisnisi.com,1-560-735-4663,Norfolk,Virginia
Nicholas,Pellentesque@risus.edu,1-763-237-1871,Sioux City,Iowa
Vernon,in@Proin.org,1-942-171-2597,Milwaukee,Wisconsin
Lisandra,sed.pede.nec@elitpede.ca,1-112-493-8917,Lansing,Michigan
